<?xml version="1.0" encoding="utf-8"?>
<!-- 拦截器配置文件 -->
<beans default-autowire="byName"
	xmlns="http://www.springframework.org/schema/beans" xmlns:xsi="http://www.w3.org/2001/XMLSchema-instance"
	xmlns:context="http://www.springframework.org/schema/context"
	xmlns:aop="http://www.springframework.org/schema/aop" xmlns:tx="http://www.springframework.org/schema/tx"
	xsi:schemaLocation="http://www.springframework.org/schema/beans
            http://www.springframework.org/schema/beans/spring-beans-2.5.xsd
            http://www.springframework.org/schema/context http://www.springframework.org/schema/context/spring-context-2.5.xsd
            http://www.springframework.org/schema/aop http://www.springframework.org/schema/aop/spring-aop-2.5.xsd
            http://www.springframework.org/schema/tx http://www.springframework.org/schema/tx/spring-tx-2.5.xsd">
	<bean id="controllerInterceptor" class="com.rokid.skill.interceptor.ControllerInterceptor">
	</bean>
	<bean id="securityInterceptor" class="com.rokid.skill.interceptor.SecurityInterceptor">
	</bean>
	<bean
		class="org.springframework.web.servlet.mvc.annotation.DefaultAnnotationHandlerMapping">
		<property name="interceptors">
			<list>
				<ref bean="controllerInterceptor" />
				<ref bean="securityInterceptor" />
			</list>
		</property>
	</bean>
</beans>
