<?xml version="1.0" encoding="UTF-8"?>
<!DOCTYPE log4j:configuration SYSTEM "log4j.dtd">
<log4j:configuration xmlns:log4j="http://jakarta.apache.org/log4j/">
	<!-- 输出日志到控制台 ConsoleAppender -->
	<appender name="console" class="org.apache.log4j.ConsoleAppender">
		<param name="Threshold" value="DEBUG"></param>
		<layout class="org.apache.log4j.TTCCLayout">
			<param name="ConversionPattern" value="%d [%X{SpeechletId}] %-5p %c{2} - %m%n" />
		</layout>
	</appender>
	<!-- 输出日志到文件 每天一个文件 -->
	<appender name="dailyRollingFile" class="org.apache.log4j.DailyRollingFileAppender">
		<param name="threshold" value="DEBUG" />
		<param name="file" value="../logs/dailyservice.log" />
		<param name="DatePattern" value="'.'yyyy-MM-dd'.log'"></param>
		<layout class="org.apache.log4j.PatternLayout">
			<param name="ConversionPattern" value="%d [%X{SpeechletId}] %-5p %c{2} - %m%n" />
		</layout>
	</appender>
	<!-- 输出日志到文件 文件大小到达指定尺寸的时候产生一个新的文件 -->
	<appender name="railyFile" class="org.apache.log4j.RollingFileAppender">
		<param name="file" value="../logs/service.log" />
		<param name="fileAppend" value="true" />
		<param name="Append" value="true"></param>
		<param name="encoding" value="UTF-8" />
		<param name="threshold" value="DEBUG" />
		<param name="maxFileSize" value="200MB" />
		<param name="MaxBackupIndex" value="100"></param>
		<layout class="org.apache.log4j.PatternLayout">
			<param name="ConversionPattern" value="%d [%X{SpeechletId}] %-5p %c{2} - %m%n" />
		</layout>
		<filter class="org.apache.log4j.varia.LevelRangeFilter">
			<param name="levelMin" value="DEBUG" />
			<param name="levelMax" value="ERROR" />
			<param name="AcceptOnMatch" value="true" />
		</filter>
	</appender>
	<root>
		<priority value="debug" />
		<appender-ref ref="console" />
		<appender-ref ref="dailyRollingFile" />
		<appender-ref ref="railyFile" />
	</root>
</log4j:configuration>